	x	y	cluster
0	12.418882	2.4365833	0
1	8.926195	2.4011388	24
2	9.427501	3.6296036	24
3	3.3338294	4.8954973	6
4	17.59243	13.262374	5
5	6.4342747	9.978303	17
6	-1.6333101	19.58186	31
7	11.094309	-11.262624	41
8	1.4771547	15.022817	6
9	5.4890676	12.049953	5
10	3.6292377	2.4837065	32
11	-3.6745722	17.073467	45
12	-4.713939	-16.761665	47
13	24.791565	11.335959	5
14	3.8407986	4.048021	14
15	2.7019322	12.933568	13
16	4.848467	-0.051655244	29
17	4.166341	1.228478	29
18	-2.450282	14.956438	72
19	18.656153	-9.746725	17
20	1.982496	5.924633	14
21	6.400522	3.1561422	29
22	8.420807	1.8143865	24
23	5.046947	-5.648324	7
24	1.6802211	5.883434	14
25	5.370486	-5.8914375	7
26	3.0672414	4.37054	14
27	25.260347	11.37739	5
28	-5.071378	-3.7115445	48
29	9.892696	-1.5567346	6
30	8.988094	-3.1832495	30
31	9.180052	-2.2636693	30
32	0.83190495	4.156122	29
33	5.1909695	3.876665	29
34	-2.3411555	15.1430025	72
35	1.3904688	7.1270113	14
36	14.568619	2.8253179	6
37	14.610286	3.0705614	6
38	13.73406	-1.494456	12
39	0.33720648	15.630498	49
40	0.2490064	15.142422	49
41	-9.697359	-2.0748236	39
42	0.363238	15.57235	49
43	5.313383	-4.89083	49
44	-4.184222	9.302625	2
45	-4.226608	9.214018	2
46	5.729416	9.698072	17
47	6.6453333	8.5857525	17
48	7.3161435	-1.0597928	6
49	11.720518	11.813876	28
50	0.8019069	-16.44165	47
51	8.939819	3.391158	6
52	9.446135	-1.037112	52
53	9.539423	1.648863	6
54	3.1288126	-4.260633	27
55	5.7553887	7.2071567	33
56	2.3971288	2.1855822	12
57	6.0533776	4.0396776	23
58	17.313711	13.457419	5
59	3.4188051	13.421437	9
60	5.5409026	0.3840123	29
61	9.546522	-3.403557	6
62	-5.2517157	-17.125492	47
63	-6.9750075	-0.058462106	42
64	10.735839	4.052024	3
65	8.097554	-9.031527	18
66	-0.32478985	8.681241	20
67	-12.056561	-3.3663294	1
68	-6.620477	3.3198698	21
69	-9.077385	1.3970937	21
70	10.407602	-1.5258781	6
71	-6.7257915	3.480801	21
72	10.751322	1.0406138	6
73	11.689228	0.6476857	6
74	-0.46959528	13.707332	13
75	9.063995	4.0162287	6
76	-9.719332	9.702389	38
77	7.4852505	-0.08970899	6
78	4.7504134	14.385954	9
79	1.1729269	-0.7008661	6
80	0.85209364	-16.490387	47
81	-7.231479	6.600664	6
82	10.987352	16.19437	63
83	17.072334	13.15889	5
84	7.5875745	2.7066343	23
85	6.056627	1.5700542	6
86	2.022418	2.837715	32
87	4.4598136	4.318098	6
88	18.481668	-9.872495	17
89	10.848181	-0.21247834	58
90	8.319387	-6.0672054	30
91	11.949392	1.663183	6
92	5.710774	0.75230914	29
93	2.8304944	10.124663	5
94	1.8788544	5.1389174	14
95	-0.19384776	4.48302	14
96	9.933273	-3.727036	64
97	10.073651	5.3223724	0
98	6.4384637	9.375946	17
99	-7.951326	-0.7240821	42
100	11.511857	-9.982265	41
101	-3.6507392	17.07018	45
102	3.5904474	-7.5696173	19
103	1.6740694	-1.3420265	62
104	5.478706	-3.7859125	7
105	6.0241995	1.9904076	29
106	-1.614489	-3.3425803	70
107	24.949652	10.783478	5
108	1.699242	7.029585	14
109	8.833604	9.254806	33
110	2.071736	8.991468	20
111	6.109633	2.5198188	29
112	10.412495	6.6705294	23
113	1.6638409	7.580581	14
114	8.918853	-1.5715196	6
115	5.370959	9.139663	17
116	10.872895	16.038084	63
117	4.336156	-3.289462	62
118	8.913987	-0.8544955	6
119	9.365992	-1.0271986	6
120	6.120689	-1.5337511	62
121	5.1143394	6.4497404	23
122	8.157682	-2.1129832	50
123	-2.8144374	10.931932	54
124	1.1856523	12.451816	13
125	-0.5185455	12.555639	13
126	4.536473	2.8596003	29
127	-10.042271	-7.1837716	59
128	16.03484	-1.4752784	60
129	1.5976012	14.848263	49
130	5.719501	-6.2076783	7
131	9.855311	0.60702497	6
132	14.4910345	2.1549132	0
133	-1.3480288	-10.233196	69
134	13.833993	1.6455439	6
135	-5.9236207	13.921972	25
136	7.8505616	-2.2174973	50
137	-5.858335	12.984873	11
138	-1.5536299	5.617831	14
139	2.795156	-4.681616	27
140	8.910634	9.461385	33
141	24.516983	10.869264	5
142	-10.659429	-7.692782	59
143	7.111058	5.9233985	26
144	10.161412	-1.598917	52
145	12.016042	1.4844826	6
146	11.703675	-9.550059	41
147	6.8041897	9.652256	17
148	4.9649606	5.861599	23
149	7.80043	-2.1178353	30
150	-14.137525	3.717939	27
151	10.647798	3.7914028	3
152	6.760303	-2.1232069	30
153	6.4023366	-1.7681149	62
154	25.072239	12.081887	5
155	12.081815	-2.5248175	6
156	-3.998373	-4.1182055	60
157	11.455959	2.4196682	6
158	10.575576	-1.6423475	52
159	12.147608	1.6018046	6
160	2.4257674	8.054537	20
161	9.743218	-3.3415601	23
162	6.7232966	0.9391083	3
163	18.565151	-9.384121	17
164	8.992822	-7.3100343	18
165	7.4664416	0.1475133	6
166	11.990684	2.0990653	6
167	-16.596205	3.0389962	10
168	-7.2007008	-5.439059	4
169	-1.8259412	19.744667	31
170	11.579274	1.7797498	6
171	-1.6657411	19.576628	31
172	2.44296	5.994955	14
173	1.3367802	6.8232346	14
174	11.706667	-0.25204816	6
175	12.483016	-1.5892506	35
176	4.80568	13.790977	9
177	10.206052	-0.35857502	6
178	11.1703615	-2.1734712	52
179	12.61479	-2.292016	35
180	12.598639	-2.7823205	35
181	9.017282	3.1088748	24
182	12.706562	-2.6939502	35
183	4.8695164	14.088405	9
184	12.236509	-1.4085134	35
185	11.232567	-0.5259204	6
186	5.017891	14.137336	9
187	5.111771	13.923394	9
188	9.46772	0.5303765	2
189	-12.163154	12.240095	41
190	11.579573	2.221516	6
191	7.864982	-0.9284205	6
192	7.7175875	-3.4897697	30
193	-12.092764	-3.3302255	1
194	11.493862	0.9197111	6
195	10.393609	3.2761366	3
196	7.9538846	-4.978249	30
197	7.7129188	-4.3710384	30
198	8.720108	-6.97645	18
199	8.463982	-4.762932	30
200	8.315352	1.5306388	6
201	8.580534	-0.3435718	6
202	8.4121475	-5.8334603	30
203	-1.3741096	19.357985	31
204	1.9308771	14.379674	6
205	-8.766136	5.1550827	66
206	3.3342571	-2.6927693	62
207	11.562888	2.0816195	6
208	0.23208813	-5.816514	27
209	8.118624	-17.055347	51
210	-1.1910352	17.155525	65
211	-1.040439	17.213194	65
212	-0.95882577	5.2651567	14
213	-1.8664628	0.9866015	23
214	10.657883	13.877825	17
215	13.794928	2.5915182	6
216	12.055004	-2.3020437	35
217	11.629673	-5.922232	64
218	18.349005	-9.31853	17
219	5.344838	2.338354	29
220	6.463909	6.85766	33
221	18.795465	-9.997418	17
222	8.240317	6.7202415	33
223	24.773106	10.946325	5
224	5.8440104	12.268332	5
225	8.482797	1.9844633	24
226	3.8394508	11.74894	5
227	13.151784	7.632577	8
228	3.628422	3.0926647	10
229	-1.2501084	7.486561	14
230	2.8334687	-1.3077098	62
231	25.214436	11.332128	5
232	8.86616	-0.538746	6
233	25.27883	10.699838	5
234	2.1530452	6.160255	14
235	-5.043272	-8.718472	67
236	8.200988	-3.3249922	6
237	0.33732444	4.6026626	14
238	10.283932	-1.1625192	52
239	2.4122202	6.790626	14
240	11.38479	0.39997342	1
241	0.483392	-16.122015	47
242	-10.027603	10.007341	38
243	8.391267	-16.782051	51
244	9.915813	0.71754557	2
245	7.988142	-17.185238	51
246	8.270212	-16.903334	51
247	-10.411076	10.001858	38
248	-7.523537	8.209957	46
249	3.9845433	-1.7358462	62
250	0.39896268	-0.8395426	32
251	4.4815145	4.620475	14
252	0.57521254	-16.212086	47
253	-4.9301696	-8.471648	67
254	0.56800294	1.4049212	10
255	6.961789	8.858384	17
256	18.85421	6.328844	30
257	4.71569	8.680444	17
258	7.200517	12.593103	5
259	7.142907	12.706694	5
260	6.837293	12.433689	5
261	6.1433372	10.235727	17
262	-1.1839114	7.6442575	20
263	4.0466213	8.711923	17
264	7.113432	12.61803	5
265	24.580513	11.334722	5
266	6.5093293	4.034124	29
267	3.6433642	3.3869042	32
268	12.332887	6.138266	8
269	6.359371	7.3069634	33
270	24.905256	11.463302	5
271	2.0858052	2.5712929	12
272	-6.8039536	0.014308907	42
273	-5.053066	-17.191893	47
274	-7.6217003	8.31853	46
275	1.8117118	1.9029462	12
276	-0.37285975	-0.5194626	32
277	12.747374	6.397188	8
278	-7.8976126	8.591581	46
279	3.4886084	-7.5121937	19
280	18.554121	-9.559104	17
281	11.925574	1.227015	6
282	-3.802706	-4.3965273	60
283	6.501304	4.996882	33
284	14.37508	4.5721517	15
285	3.0252347	12.591324	55
286	-5.142744	-7.704344	67
287	9.198089	-1.6939619	6
288	8.541702	11.325655	17
289	10.781811	1.196844	29
290	2.977993	12.87493	55
291	8.353912	-5.4984975	30
292	-12.41391	12.491274	41
293	2.2975926	9.300069	20
294	4.84723	11.620586	5
295	9.18187	9.802106	33
296	17.056812	13.395679	5
297	3.8675895	3.0516565	32
298	16.555363	8.304808	29
299	6.236417	-3.041481	61
300	-1.0319463	7.1297154	14
301	25.117937	10.9798765	5
302	3.9201434	3.188108	29
303	-10.913149	2.7543788	37
304	1.7715341	18.613178	16
305	8.094388	-8.33618	18
306	12.331328	-0.19601509	13
307	2.0150836	-5.6735177	27
308	4.9660997	1.6932429	32
309	18.242708	-9.32595	17
310	11.723033	1.3016928	6
311	9.70885	1.1690278	6
312	25.11148	11.521616	5
313	-0.46369982	5.881345	20
314	13.647539	-1.2556423	12
315	2.1315355	7.396497	14
316	-3.2187777	4.0693974	14
317	7.158522	-0.36652032	6
318	1.9151905	7.068278	14
319	5.5659685	-0.33044398	3
320	11.751944	-5.295349	64
321	-2.5612476	5.931504	20
322	8.865096	-4.6120386	30
323	3.4288735	5.5315447	7
324	3.104176	1.2435389	32
325	13.773371	-1.150434	12
326	5.4861307	-4.027097	7
327	-1.003728	4.7526236	14
328	18.168045	-9.417723	17
329	9.745824	5.438866	6
330	14.018229	0.34835377	74
331	-0.9558915	6.524219	7
332	16.244797	-0.8291788	60
333	9.221699	1.1645412	6
334	13.207582	1.1861137	0
335	-0.59677845	5.597195	14
336	-9.315649	5.5847497	66
337	5.5365653	-5.1684513	49
338	-9.424686	5.668687	66
339	15.1773405	5.046584	15
340	7.213877	-2.2936919	29
341	9.0665045	3.7900536	6
342	1.6561624	12.72423	13
343	-15.654239	-1.4238741	9
344	15.101963	1.6642152	0
345	5.207767	13.255116	6
346	9.604481	4.739556	6
347	-3.825323	-1.0341214	4
348	-4.9063077	-16.789297	47
349	-5.0808306	-16.721931	47
350	-5.17899	-16.475718	47
351	-2.2089045	-1.7024074	29
352	1.1949142	12.689515	13
353	-10.067544	17.079407	44
354	4.6294947	1.4606923	1
355	-0.6408947	1.6148245	1
356	-2.0259655	-4.120219	71
357	-12.870577	0.68650585	31
358	-3.0098538	0.39544806	1
359	-2.2828805	-2.9536655	1
360	-1.2859812	1.464839	1
361	-2.3946426	-1.8927912	1
362	-2.0525613	0.5706175	1
363	-12.560158	0.38357264	31
364	-1.9106499	-4.73513	71
365	-12.987851	0.8228043	31
366	-3.1317844	0.35834444	1
367	-3.5172653	0.7877625	1
368	-12.839667	0.67257655	31
369	-7.7920322	-5.395274	4
370	-2.6135097	-0.18591426	1
371	-1.4106022	1.2732494	1
372	5.5846453	1.2957234	1
373	-13.074776	0.8928676	31
374	-3.2115085	0.75214285	1
375	-3.5255375	0.46069542	1
376	1.0553486	-9.384434	19
377	7.3226485	4.237477	29
378	10.734194	3.7767744	3
379	0.44655946	3.4945068	14
380	2.0873203	2.3913143	12
381	24.887354	10.62027	5
382	6.0415006	-2.0872946	61
383	3.8771307	-5.738367	7
384	1.4321669	-9.630752	19
385	0.6886655	-16.327446	47
386	9.308758	-0.02570114	6
387	-7.98831	-10.743006	11
388	-8.784883	-9.961397	11
389	-8.204455	-10.524758	11
390	-8.494028	-10.255725	11
391	-0.25770697	-1.7285582	32
392	25.235798	11.122851	5
393	-5.677475	-6.6652417	4
394	-3.5035863	-0.93254447	4
395	9.672749	0.86246246	3
396	-3.2860944	4.177921	14
397	-5.332111	-3.9611056	48
398	-1.2640867	-3.0361462	70
399	-1.0608735	8.329051	20
400	11.765009	-9.568988	41
401	10.529636	4.0546207	3
402	-14.194947	-3.4856918	6
403	8.167931	3.9513118	6
404	7.2003236	5.782719	26
405	-5.1719084	13.4538355	25
406	8.732667	4.4803123	6
407	11.461629	0.97292566	2
408	-1.3022661	17.02615	65
409	10.521637	15.80658	63
410	15.331781	1.6272079	0
411	1.4770017	-9.487026	19
412	9.22443	9.860424	33
413	6.322645	-6.1149335	7
414	6.304457	5.294236	33
415	4.098337	1.7205155	29
416	3.9000337	-6.056112	7
417	3.7098794	0.114795096	29
418	3.0187688	-2.2201214	62
419	-2.033725	5.7977486	14
420	-1.815045	-3.5977979	70
421	8.206813	8.82825	33
422	3.1160002	4.1742673	29
423	6.1814523	-7.220224	7
424	11.579821	-10.241984	41
425	-10.158227	-5.2506557	32
426	7.057625	-1.2910186	6
427	24.471254	11.206224	5
428	9.616948	0.51748157	2
429	10.916348	-0.2658282	6
430	3.2285333	6.479071	13
431	1.3487825	14.806859	49
432	9.269315	6.2546024	24
433	-3.0362995	8.968064	2
434	11.716381	2.849713	6
435	4.991161	1.3625045	32
436	-7.9089265	16.265003	36
437	-7.109368	15.556481	36
438	-7.704776	15.969484	36
439	-5.289107	11.28739	34
440	11.283779	2.1168516	6
441	-7.395746	15.704667	36
442	-5.523316	12.967204	25
443	-7.313794	15.51834	36
444	-7.3376513	15.853699	36
445	4.9400496	7.686444	43
446	4.4253016	11.854242	5
447	6.962045	4.0380898	33
448	0.5715528	15.689289	49
449	-9.990876	-1.810166	39
450	0.34631774	15.498603	49
451	1.8092287	14.834106	6
452	-3.3428514	-0.81506103	4
453	9.101953	1.2282838	3
454	10.479324	4.2271986	3
455	11.64548	1.3534784	6
456	8.031626	11.034374	17
457	-9.246	5.530972	66
458	-9.004974	5.358397	66
459	-9.111686	5.371338	66
460	10.049508	-4.5556335	64
461	-9.155786	5.552931	66
462	9.477695	0.9675896	3
463	9.531682	1.5387542	6
464	3.4245958	-3.0462358	62
465	-0.84700745	-2.839375	70
466	8.395102	0.27659434	6
467	6.2584133	6.1033545	33
468	9.465817	3.4664686	24
469	10.508959	-0.93885326	6
470	-16.726585	2.8876991	10
471	8.394426	-0.48648566	6
472	10.773859	1.7293947	23
473	13.821187	-1.6080147	12
474	10.772853	1.082857	6
475	3.8151326	11.504458	5
476	10.52692	2.5319664	1
477	7.108061	7.720068	33
478	-15.659147	-1.3981806	9
479	14.490197	-0.12776257	74
480	-2.2385283	20.078909	57
481	-3.7676387	9.101696	2
482	-7.342952	-0.95294803	42
483	-2.9803367	9.392259	2
484	-3.1397996	9.430578	2
485	-0.72856885	1.4733177	23
486	2.4659638	-4.9614425	27
487	19.070757	6.1483636	30
488	5.9293933	1.0415964	6
489	3.1299284	0.31241518	23
490	-10.709673	-7.731613	59
491	7.4348607	3.7513478	23
492	1.9474722	3.0485961	2
493	11.815127	1.4392791	6
494	1.5206515	8.972078	20
495	7.016908	-2.6029336	6
496	6.078049	1.0826949	1
497	4.3708253	5.265943	23
498	16.388931	0.24595414	0
499	5.8957214	2.5827994	29
500	4.7274213	1.7039088	29
501	24.708937	10.522877	5
502	3.339113	-2.0450482	62
503	-9.586492	9.486635	38
504	7.960876	3.479944	6
505	2.1233482	6.614989	14
506	6.515061	4.892151	33
507	-5.7571216	-6.394926	4
508	-3.2906406	-3.9320884	60
509	12.1998625	4.752883	0
510	0.33514485	6.4805517	14
511	16.90144	12.590252	5
512	6.1304827	-3.3607442	61
513	4.274877	-0.121793255	29
514	11.38492	1.4050999	6
515	7.707824	3.6104367	22
516	13.10415	3.322181	15
517	12.995845	2.9188871	15
518	-7.0231166	2.4027276	73
519	12.627349	2.4341033	73
520	12.428328	3.9950852	15
521	12.63435	4.664284	15
522	11.263854	5.89718	53
523	-6.566282	-5.799861	4
524	-0.13935521	-1.111471	32
525	15.42618	-0.058864947	0
526	6.2177186	12.026994	5
527	4.5814786	5.834533	23
528	13.869748	6.998252	13
529	4.7515717	3.5356324	32
530	5.849177	1.4168593	29
531	0.9582577	6.468654	14
532	4.543383	-3.9252112	7
533	8.848087	9.493855	33
534	10.007464	8.151812	33
535	-1.5473901	-10.05137	69
536	-1.4322566	0.5317419	23
537	2.46528	-8.80868	19
538	-9.467897	9.712694	38
539	-9.571075	9.41371	38
540	1.5980333	8.718997	20
541	12.998397	0.4185542	6
542	3.3775823	3.7058308	32
543	8.321906	8.137281	33
544	8.534477	5.12949	22
545	3.234985	-7.9983354	19
546	6.039158	-2.793175	61
547	-2.5494428	2.8394666	23
548	12.643902	0.64216375	6
549	12.112996	0.9341476	6
550	0.97574383	5.540744	14
551	-0.14091483	-1.0732067	32
552	1.0540715	-9.067761	19
553	7.063289	7.476555	33
554	2.9124207	4.492091	29
555	-2.2771904	15.301528	72
556	25.098078	11.226609	5
557	1.6508867	-9.501391	19
558	-2.9196742	3.982695	14
559	6.537185	7.0807896	33
560	6.0532255	4.91755	23
561	7.7882895	-0.690583	6
562	11.208864	-4.7056136	64
563	13.032894	7.246718	8
564	3.1578112	9.417861	20
565	8.7599535	-3.0300379	6
566	11.750193	11.357642	28
567	1.7483627	7.360658	14
568	2.3504221	7.69929	14
569	6.092525	11.903173	5
570	2.748135	7.0916104	14
571	1.9384941	6.8416066	14
572	2.1069539	-5.9253654	27
573	10.784809	13.734342	17
574	18.674189	-9.867777	17
575	5.5606527	3.7695055	23
576	0.8869298	-0.32695284	12
577	19.011324	6.437176	30
578	5.3272023	9.948925	17
579	-15.474888	-1.1789386	9
580	12.371248	1.5806797	6
581	5.078716	-2.3940773	62
582	0.5393587	2.649801	29
583	4.1932125	1.7677705	32
584	11.823149	1.5723674	1
585	13.337626	2.278061	6
586	7.6125903	-1.1852745	6
587	-3.5458174	17.194466	45
588	11.707188	2.2295535	6
589	-5.4357524	-7.4003882	67
590	18.309666	-9.766091	17
591	9.464826	-3.9120202	6
592	11.681209	-0.011528964	13
593	10.200994	2.1796198	6
594	10.897088	-1.9090478	6
595	5.6051927	-4.8257594	49
596	17.27265	13.008992	5
597	10.207082	4.1330366	3
598	6.440512	-0.5330458	29
599	7.6480474	1.962631	3
600	5.114195	3.295019	6
601	5.276364	2.6586287	6
602	0.8511782	10.620082	20
603	3.5015445	3.3061132	32
604	11.656881	-2.021887	6
605	4.2213564	-1.2780479	29
606	5.247119	3.7609203	6
607	13.125342	2.4214373	24
608	-5.797304	-6.3296366	4
609	11.718106	12.122453	28
610	6.136213	-2.8139646	61
611	9.4580765	-7.724567	18
612	4.480235	-4.437069	7
613	5.4756513	-7.4472885	7
614	25.064785	11.036284	5
615	0.49889562	8.400462	20
616	7.3291354	-0.6547884	29
617	6.640819	2.585762	23
618	6.506926	-0.63343674	3
619	6.2735915	-0.6349384	3
620	6.596702	-1.0279326	3
621	10.362776	-4.074281	64
622	7.1416802	0.7805435	29
623	7.5809336	2.962386	23
624	11.08317	7.110965	6
625	7.7624617	2.4096248	23
626	-5.145148	-8.406106	67
627	7.046773	0.07519808	23
628	-10.058436	-1.7269033	39
629	7.9186077	-0.6144247	6
630	7.5939455	0.559323	6
631	8.003046	-0.1703327	6
632	11.929764	1.5971026	13
633	-4.4991055	-16.850744	47
634	24.655453	10.566695	5
635	10.170755	0.34864417	3
636	4.6331377	-0.9919689	3
637	0.25730306	6.7992773	14
638	9.123347	9.734287	33
639	10.276143	-4.6297946	64
640	-5.6189914	11.093577	34
641	11.6138	9.70398	23
642	11.694344	10.327348	28
643	6.45973	-0.020675557	3
644	-7.6032224	16.21949	36
645	9.986723	-1.9810127	6
646	10.08976	-2.4378383	6
647	11.098501	0.93577385	2
648	5.172001	6.280212	23
649	-4.7045665	-17.005035	47
650	-4.8973575	-16.46169	47
651	-4.4802213	-17.305935	47
652	25.257887	11.228936	5
653	7.713783	1.9900717	3
654	3.874506	5.328389	14
655	8.615157	-8.160633	18
656	4.5812845	-3.8469949	7
657	8.897149	4.0958304	6
658	-6.7487273	-2.8865316	0
659	-5.512289	-8.879066	67
660	4.3131585	6.907523	6
661	11.723223	0.94142795	13
662	-6.9612575	13.854145	11
663	0.796707	-0.3758702	12
664	5.2596984	-7.94677	7
665	1.8506775	2.2553186	12
666	-4.0363173	13.830786	36
667	3.878747	0.633961	29
668	2.77945	0.55633354	29
669	9.287943	1.690247	6
670	9.439155	-3.5111492	6
671	8.380696	-8.699875	18
672	16.643368	13.417932	5
673	-5.0678997	-3.8981824	48
674	6.5360036	2.7368689	3
675	8.325768	13.497081	22
676	8.51622	13.606972	22
677	-14.311574	-3.5917046	3
678	8.50633	13.654276	22
679	8.258532	13.959727	22
680	-14.382909	-3.674474	3
681	-14.448496	-3.739161	3
682	-10.076797	-5.109958	32
683	7.9620256	14.569137	22
684	10.720285	4.350968	3
685	-14.073617	-3.3599365	3
686	8.358348	13.728996	22
687	-14.712338	-4.0037394	3
688	-10.21316	-5.321175	32
689	5.8704233	2.2096918	32
690	2.9294899	1.8579147	29
691	4.282281	2.9559526	32
692	6.52996	1.8017683	23
693	0.585945	-5.1324162	27
694	4.695969	4.8370924	14
695	1.2141106	9.28806	20
696	7.8041883	7.075658	33
697	2.0896113	8.987593	20
698	4.9889417	-0.11425133	29
699	10.408341	1.6854216	6
700	2.2761679	-3.8523884	62
701	7.0205297	1.3096331	23
702	2.9176764	-3.5616343	62
703	-9.966038	-5.082354	32
704	-10.566445	2.3726742	37
705	3.0222542	5.5871162	14
706	10.0695505	1.523468	3
707	-5.241352	-8.951576	67
708	3.541555	3.1675076	32
709	22.584957	3.1193497	20
710	-7.439563	16.31601	36
711	6.4968815	5.4570994	26
712	4.507704	-1.7263871	7
713	4.4021316	0.15410845	29
714	5.3995304	1.6011274	29
715	10.4441	5.5374155	6
716	-1.2994483	4.3039494	14
717	3.6234608	-3.0135376	62
718	11.29362	5.947968	8
719	5.6209946	1.8656797	6
720	6.0552263	-3.2743526	61
721	5.7404413	9.961944	17
722	5.5342617	-7.0475984	7
723	4.4988737	-3.0123184	7
724	6.4516387	5.148779	33
725	6.730436	3.1818802	22
726	8.623076	-2.2381115	6
727	0.72841406	-1.1100113	32
728	8.503837	-2.42228	6
729	13.618341	-0.05054268	68
730	10.952188	-0.6889818	58
731	-5.418816	11.552883	34
732	-6.0740533	-6.1600356	4
733	-5.310883	-8.061659	67
734	-5.1688333	-8.312814	67
735	-5.6242876	-8.967927	67
736	-4.8790393	-9.009962	67
737	-5.295751	-8.713167	67
738	-5.496356	-8.660425	67
739	-3.8164508	-1.1086148	4
740	1.3798751	-9.091165	19
741	11.708792	5.5943017	53
742	3.649943	3.0406773	32
743	7.3023725	-0.4180168	6
744	11.573551	-2.5617256	52
745	8.003351	4.7384663	6
746	9.44357	2.9265666	24
747	9.730952	4.804272	29
748	3.283194	1.1911055	32
749	0.42008355	7.285425	14
750	8.959415	11.509146	17
751	4.229996	7.92605	56
752	-12.132107	-3.3941069	1
753	-8.542669	-10.212261	11
754	9.8878765	-5.0180235	64
755	-10.660567	2.4544246	37
756	8.90093	11.40907	17
757	-1.6357265	7.589808	14
758	-1.2254314	7.6817913	14
759	25.26328	11.195719	5
760	6.556981	8.193146	33
761	1.7513427	6.1048145	14
762	11.365973	1.7066623	6
763	24.736813	10.780778	5
764	25.38848	11.081929	5
765	0.32456118	1.8401021	29
766	8.400057	9.032259	17
767	24.723793	10.712841	5
768	7.0004797	3.332365	6
769	11.616503	-6.048557	64
770	10.535571	0.64595187	6
771	4.711498	-1.2926699	62
772	9.154619	-1.5549258	6
773	8.304823	11.282717	17
774	10.639677	6.0916777	6
775	22.404654	2.9418898	20
776	7.2119336	10.314003	17
777	8.108564	5.822129	26
778	7.701122	6.038318	26
779	7.7015123	5.7875466	26
780	7.6302075	-1.1250633	6
781	6.092826	4.416954	23
782	-4.61364	13.748012	25
783	-5.494738	13.635123	25
784	2.8403435	7.2282705	14
785	-2.354318	15.105577	72
786	9.300108	2.6785252	24
787	7.564816	-4.829914	30
788	-2.2196198	19.97038	57
789	0.40433142	-5.3294	27
790	0.84452844	7.832357	20
791	3.1141994	7.57011	20
792	1.9123924	-8.98697	19
793	6.6645484	1.3134991	29
794	11.077561	-11.068275	41
795	-12.382175	12.462638	41
796	-5.062917	-16.508636	47
797	15.342874	13.031941	5
798	9.0265255	8.081605	33
799	-7.033287	1.8650008	73
800	-1.9184388	19.802069	31
801	1.8960727	18.503479	16
802	0.8900779	4.930215	29
803	5.15188	7.647447	43
804	2.909287	14.355851	6
805	6.2469482	9.885437	17
806	11.735172	-2.4058158	6
807	-1.2675146	6.6624656	14
808	8.07982	8.184638	33
809	5.635345	0.022926759	29
810	-0.4304751	7.933274	14
811	3.0928204	8.64806	20
812	7.599436	1.3310354	2
813	8.397811	0.6642043	6
814	12.841782	-2.794941	35
815	1.4509511	12.090145	13
816	-0.28452215	13.722945	13
817	-2.4622164	2.611657	23
818	3.0991745	0.80558336	29
819	12.281057	3.8728468	15
820	6.785133	4.7845345	23
821	5.9776597	-0.96917707	62
822	18.393238	-9.652226	17
823	7.711364	-5.267561	30
824	11.560264	3.589838	3
825	10.24725	2.1295915	3
826	7.56849	-5.3291893	30
827	6.651427	-2.789977	61
828	0.48959944	15.49868	49
829	1.658784	14.88779	49
830	7.823233	7.4311514	33
831	2.813052	-2.5558105	62
832	5.8059454	19.947016	16
833	0.6566526	2.8587978	14
834	13.483774	-1.0088143	12
835	7.00953	-0.9123539	6
836	14.024667	4.149328	15
837	-10.161336	9.862459	38
838	-5.6088266	-8.978136	67
839	1.0520099	-3.1486173	62
840	-7.053749	6.456951	6
841	14.931191	0.7355738	0
842	6.3455825	-6.36759	7
843	10.734931	-1.7544386	6
844	3.7276711	2.2478948	32
845	9.600834	2.213093	6
846	10.062536	-3.0925486	6
847	7.6923695	10.727401	17
848	-10.974877	2.766776	37
849	0.016276816	4.370635	14
850	2.8525693	7.35779	20
851	7.928649	-0.1459513	6
852	12.829478	5.237732	15
853	1.0543649	3.4726825	14
854	6.9564404	0.72051495	6
855	24.678555	10.827414	5
856	11.6762085	2.6269207	6
857	-0.16889109	13.557221	13
858	-3.3046632	10.558105	54
859	-2.049095	11.459963	54
860	10.267951	-3.4691436	64
861	3.2563622	2.052748	23
862	14.3575535	6.6799912	13
863	14.221416	6.907057	13
864	0.30768213	-15.94601	47
865	16.971785	12.9256315	5
866	0.89817876	-0.23267962	32
867	0.6034261	15.212623	49
868	-9.836747	-1.9623674	39
869	6.184743	-1.6970408	6
870	0.34391874	5.7523336	14
871	7.8843565	5.283578	6
872	2.7168572	9.017043	20
873	3.1796145	4.05243	29
874	6.4690366	2.652185	0
875	-6.952395	6.3209043	6
876	2.7988563	2.9602787	32
877	4.0475016	13.666284	9
878	4.6382246	0.4373285	6
879	9.942125	1.2769252	30
880	7.7672887	0.85242164	6
881	7.5539327	2.0482109	3
882	7.756454	-3.0037932	30
883	8.580269	13.980536	22
884	8.283426	14.300344	22
885	6.123353	20.26976	16
886	9.327514	9.416664	33
887	10.415067	2.4580681	3
888	5.646971	-7.3838696	7
889	-11.181554	3.0912845	37
890	-11.066966	-8.078712	59
891	5.9323964	0.491034	29
892	5.893564	-7.4391947	7
893	-10.283462	-1.490146	39
894	-16.437317	2.841386	10
895	-0.08201905	0.57099056	10
896	12.59665	2.6244287	6
897	-1.2916037	-3.1862535	70
898	9.786747	-2.2692628	6
899	4.753123	-3.495016	7
900	13.780539	-0.011267386	68
901	3.3597355	1.4758674	29
902	2.6995425	6.7418537	14
903	-4.576595	-17.009794	47
904	6.673804	3.211649	6
905	-5.1110935	-16.573793	47
906	8.048301	7.2016225	33
907	12.253637	-0.6559722	12
908	9.882035	-0.5950618	52
909	8.880395	0.004419793	6
910	2.2053356	6.3984165	14
911	0.8672985	-2.6908638	62
912	1.1072094	-2.2023335	62
913	0.9708164	-2.577582	62
914	2.5259962	8.380909	20
915	-2.8220809	4.110494	14
916	3.9136636	1.7737927	32
917	6.3845754	-6.0725737	7
918	1.8095905	4.933369	14
919	0.22144118	13.11804	13
920	0.79476887	12.939687	13
921	7.2101855	10.04839	17
922	-10.119046	-1.625842	39
923	-6.590104	2.8901315	21
924	8.996407	1.2100139	29
925	3.0342553	3.0595522	23
926	0.021252463	7.664558	14
927	6.356749	0.3408137	3
928	7.4738817	5.205347	26
929	6.1934834	-0.0057395105	6
930	4.303713	-3.0242941	27
931	5.442794	-0.7482172	29
932	2.8263552	13.058448	55
933	2.0314043	18.707228	16
934	8.989966	8.39563	33
935	9.166559	9.930824	33
936	6.181906	20.329311	16
937	0.83325213	15.383794	49
938	-5.73256	10.890259	34
939	-5.539297	11.108089	34
940	6.6241527	6.709233	33
941	-6.6321564	1.8317167	73
942	-6.6739607	1.6173979	73
943	-6.3962793	1.8565774	73
944	-6.3841586	1.929358	73
945	0.10032746	0.006699241	32
946	6.8160644	-2.3211663	6
947	7.7445917	5.2067385	6
948	9.065165	-0.10925337	6
949	7.0814123	-0.028816037	6
950	2.7715867	3.2018373	12
951	4.3322573	2.292483	29
952	-1.8256053	0.9026407	23
953	14.709429	4.903194	15
954	11.904966	1.0613086	6
955	-7.5191455	15.783306	36
956	-1.541387	12.097231	13
957	5.51166	-8.003769	7
958	-1.5326054	4.54051	14
959	10.566171	13.840293	17
960	2.6185343	2.5835953	12
961	13.531954	-1.4018835	12
962	-10.248754	-7.3412533	59
963	5.320687	-0.49774098	23
964	6.8384814	1.7135993	12
965	7.729619	0.25574797	29
966	2.069934	0.9070991	12
967	10.2071085	1.8623855	6
968	3.9570723	10.765547	5
969	11.692263	10.774474	28
970	0.8745299	-2.7308655	62
971	11.249776	1.6008381	6
972	-2.6806529	-1.7839764	29
973	5.7665644	2.0287983	23
974	6.332935	1.4696033	29
975	11.476211	-2.6887581	52
976	2.6398225	-4.581058	27
977	-14.512434	3.3557281	27
978	2.007295	0.8018528	12
979	6.6698265	4.983795	33
980	4.324658	13.732328	9
981	12.544506	1.0806462	6
982	13.46533	0.07092577	68
983	-2.8274782	5.9003563	20
984	11.111279	0.43320993	6
985	4.3131437	1.4127437	29
986	-14.517262	3.3477316	27
987	6.376887	9.120256	17
988	2.4678628	9.402272	20
989	0.7022158	0.6369185	10
990	10.321996	0.31754416	6
991	-7.488206	-5.277405	4
992	6.867622	-0.82442796	29
993	-2.259689	4.1549835	14
994	6.5263085	0.25698254	29
995	6.913632	-4.2501097	40
996	7.033754	-4.2768326	40
997	7.009207	3.2977452	6
998	10.6097	-4.0937223	64
999	-1.5649912	5.3428974	14
1000	-1.6025424	-1.5005444	23
1001	11.480943	1.5271497	6
1002	6.798025	-3.399629	40
1003	7.4888115	-2.5006075	6
1004	8.606172	-1.2857782	6
1005	5.3723207	-8.256098	7
1006	22.53256	3.0722253	20
1007	0.91636646	10.97862	20
1008	5.149573	2.2776694	29
1009	7.264687	-1.2709919	6
1010	5.037624	12.065648	5
1011	16.987755	12.187357	5
1012	9.103538	-3.7773051	6
1013	7.116677	8.029993	33
1014	0.077298045	9.752732	20
1015	3.8071623	9.989377	5
1016	22.771229	3.3077703	20
1017	26.99976	6.730849	20
1018	3.4637876	10.305841	5
1019	4.1019516	11.748144	5
1020	4.9869246	10.941652	5
1021	3.6694815	11.165803	5
1022	3.355374	10.584888	5
1023	4.223502	10.62623	5
1024	3.8913	11.315619	5
1025	3.6289003	10.585131	5
1026	3.8005857	10.206345	5
1027	2.9901142	10.486629	5
1028	16.705318	13.042603	5
1029	16.002363	13.139087	5
1030	16.720924	12.348223	5
1031	3.2956364	10.164707	5
1032	8.710567	-4.262457	30
1033	6.8948946	7.3952503	33
1034	9.339825	2.7609944	24
1035	22.136328	2.6731343	20
1036	6.297688	6.682073	33
1037	2.0873537	6.7845335	14
1038	27.136068	6.593975	20
1039	0.5740336	-0.42453083	32
1040	15.018676	1.172126	0
1041	8.736077	-0.4116021	6
1042	1.5415324	7.7912674	14
1043	1.3572764	3.769831	14
1044	13.017326	-0.8732093	12
1045	10.929039	1.958102	6
1046	-12.24679	12.321798	41
1047	8.625277	0.7815877	29
1048	7.826017	2.7841625	24
1049	1.6858898	-0.44406092	14
1050	11.955603	-0.7496885	6
1051	-7.3850803	-0.4664963	42
1052	3.7078466	7.1780405	6
1053	-2.1187823	11.326355	54
1054	8.2070265	2.8421366	24
1055	5.3915663	0.06152882	6
1056	11.942525	2.3990557	0
1057	8.921381	-3.1135836	6
1058	13.76931	0.44025946	74
1059	12.995728	2.9466007	0
1060	2.590072	8.947168	20
1061	2.4608152	7.0167193	14
1062	4.0753098	2.332241	23
1063	3.423733	-1.1490947	29
1064	4.5962424	-2.3548658	62
1065	2.9639287	5.6794987	14
1066	0.6769082	5.120012	14
1067	4.7993827	3.2997644	23
1068	8.7902565	1.1358814	29
1069	0.25218585	-5.7296953	27
1070	3.0769598	0.82715124	29
1071	9.3663645	0.16587952	6
1072	6.605755	2.3055105	29
1073	-7.5803857	-5.4341598	4
1074	8.187474	-1.0129944	6
1075	11.595978	1.8842775	6
1076	3.2551906	-8.675428	19
1077	5.9416056	-0.29093134	29
1078	3.670141	-1.8384558	62
1079	0.0063445037	-0.7579636	32
1080	7.9564295	0.15792188	6
1081	8.354348	-2.9067638	6
1082	10.6847925	1.1279517	6
1083	22.808895	3.345758	20
1084	1.5491042	5.5186234	14
1085	2.5550978	-3.0303292	62
1086	1.8644701	8.932072	20
1087	8.36348	4.497403	22
1088	2.9077346	6.325671	14
1089	5.282546	-6.382472	7
1090	14.186786	7.1578965	13
1091	0.8637589	6.643311	14
1092	12.676939	-1.4583043	12
1093	3.7077508	-0.5348319	29
1094	15.225856	1.8694446	0
1095	2.6315143	8.036489	14
1096	6.986181	0.60620934	23
1097	5.8186746	19.963207	16
1098	3.7002716	4.6175	23
1099	0.21796829	-0.519501	32
1100	-7.036199	-5.5564017	4
1101	2.28368	-5.325824	27
1102	3.7025466	-0.24907115	29
1103	3.4060838	-4.5689573	62
1104	3.9035587	0.84150565	23
1105	4.845996	-0.7181564	29
1106	-0.9847652	8.46123	20
1107	3.9438205	0.14857058	23
1108	2.960475	12.862299	55
1109	8.735021	6.0724177	52
1110	1.9562516	13.279123	6
1111	4.6369	0.71139824	29
1112	7.296854	1.4259984	29
1113	4.93614	-5.2353916	7
1114	7.368936	2.9829457	23
1115	9.982758	3.1961503	1
1116	6.9101663	1.6707262	29
1117	5.951467	6.3192782	33
1118	-2.5290642	5.9188757	20
1119	6.6256313	1.2258215	3
1120	27.174051	6.551412	20
1121	-0.01664419	13.060222	13
1122	9.780575	-3.3516724	6
1123	3.2834718	-8.826382	19
1124	6.6048794	1.7441561	29
1125	-1.2066602	6.2353415	14
1126	4.404358	1.4727429	32
1127	4.4676805	-2.7340887	7
1128	10.943157	6.8398366	6
1129	12.575242	1.1587359	6
1130	1.788919	7.7471423	14
1131	10.102482	3.0514848	3
1132	3.7548985	0.2695186	23
1133	8.923142	-7.594411	18
1134	2.4660285	-2.6948597	62
1135	5.5814347	1.1019737	29
1136	10.030125	-1.1497563	52
1137	7.364656	5.5644245	26
1138	7.312642	1.1621358	3
1139	4.5914927	-3.2616522	7
1140	9.038078	0.76654017	14
1141	8.15412	4.43297	6
1142	2.6606011	6.971801	20
1143	9.1217165	1.0671467	14
1144	6.9188824	0.6754241	32
1145	5.8437586	1.2110568	29
1146	4.759379	-0.048254676	29
1147	7.0923057	1.8354305	23
1148	4.5418725	0.6251881	29
1149	3.0788124	-3.5432456	62
1150	8.105395	0.16653755	6
1151	5.939864	7.6280284	33
1152	-6.504247	14.038391	11
1153	0.8122188	3.980582	14
1154	3.4124756	-8.085535	19
1155	1.1002283	4.4248056	14
1156	3.995715	10.457984	5
1157	7.171186	1.6924198	12
1158	5.856062	-0.458322	6
1159	11.087712	0.6486541	30
1160	8.140892	-1.6158617	6
1161	3.0676274	-8.552191	19
1162	2.7609088	-0.3127966	23
1163	6.825832	0.014537563	6
1164	8.684951	-7.3361764	18
1165	9.103715	1.2271458	14
1166	0.52072936	-5.1512833	27
1167	5.5486865	-1.0661488	29
1168	3.357227	-8.425489	19
1169	13.264461	-1.7121397	12
1170	-2.3667314	15.073308	72
1171	-3.7026134	-3.8814147	60
1172	0.24016188	-0.56235546	32
1173	12.450346	6.4490843	8
1174	7.5495744	6.7636447	33
1175	5.1732817	2.452839	29
1176	3.5311804	-1.68727	62
1177	3.0895798	5.480866	14
1178	5.3707795	11.4695835	5
1179	6.0963793	1.11154	6
1180	3.081753	-8.982645	19
1181	10.399059	6.361296	6
1182	14.141345	2.7059288	6
1183	12.064086	1.8191198	6
1184	13.608505	4.147727	15
1185	9.936509	-3.9927652	64
1186	4.2538733	6.1792874	29
1187	-2.4733894	-2.0662212	29
1188	7.904361	0.76723343	3
1189	3.966363	-2.296381	62
1190	4.806759	1.4281166	29
1191	0.35776225	8.132248	20
1192	4.703354	-3.5570965	7
1193	9.170813	6.070204	24
1194	6.833032	6.4605813	33
1195	11.437706	-1.7250502	6
1196	3.2192383	-4.9873643	27
1197	8.123264	-2.3104663	6
1198	2.6065423	-2.9546785	62
1199	11.62245	0.35852814	6
1200	-2.1746366	0.040414933	23
1201	4.8591113	-1.5498999	23
1202	1.504907	4.2519073	14
1203	8.414206	0.22809003	6
1204	3.055392	-0.87898433	33
1205	2.1921895	3.5936072	23
1206	2.1931117	4.4992347	14
1207	0.034729373	-1.0251684	32
1208	3.720136	-3.3952284	62
1209	5.1914024	-0.60546744	29
1210	3.1132016	-0.05748539	52
1211	2.8848674	-3.260882	62
1212	11.012558	-0.93485355	13
1213	7.7577252	1.6068338	3
1214	8.580747	4.2250614	6
1215	-14.343693	3.543701	27
1216	8.310655	-0.74245673	6
1217	4.9889035	-0.59586036	29
1218	0.7554453	1.2364607	10
1219	1.9037551	1.5596787	12
1220	3.9386642	0.46289676	23
1221	10.10186	6.317196	6
1222	11.783274	1.5520062	6
1223	4.664244	1.8805265	32
1224	9.431096	-0.41322997	6
1225	8.385807	2.4290075	24
1226	6.13964	1.0811492	29
1227	6.808919	3.1798	23
1228	3.7395742	-1.3178619	29
1229	-2.9852726	-0.62976515	4
1230	13.360249	0.83369976	74
1231	11.924354	-5.6748705	64
1232	4.4369173	-2.4273782	7
1233	9.573557	-7.401539	18
1234	4.2427692	-0.72970515	23
1235	9.138126	-0.75418633	6
1236	12.512083	2.2466676	6
1237	-6.6152105	3.3201942	21
1238	-0.9119649	-3.0277526	70
1239	0.69121677	10.024319	20
1240	15.861921	-0.7014704	60
1241	7.552303	3.9881036	23
1242	0.96239644	10.884171	20
1243	1.154324	8.39887	20
1244	9.570031	4.5211425	24
1245	7.591829	8.321597	17
1246	11.542151	11.811475	28
1247	9.925236	1.396082	6
1248	5.7955456	2.1334105	29
1249	3.0139823	3.844396	23
1250	-3.6693888	-0.5732293	4
1251	-0.094174206	3.126054	33
1252	-7.763489	8.505633	46
1253	12.795396	5.837341	8
1254	-3.0095057	10.880437	54
1255	4.510957	-1.388366	62
1256	4.0324693	7.4549985	56
1257	-0.49353254	3.3666258	14
1258	12.236276	2.0255299	6
1259	0.9932422	2.4841366	23
1260	3.6164083	4.838952	7
1261	8.594662	0.79582065	3
1262	4.650546	0.5708626	29
1263	10.8876915	4.1857996	3
1264	2.78109	0.017964657	23
1265	-1.5619056	-0.32054308	10
1266	1.1184436	1.8643881	23
1267	5.019164	0.164314	23
1268	2.4335427	1.1958019	23
1269	2.2678173	4.7587414	14
1270	-1.029936	4.4404516	14
1271	0.12472063	5.258773	14
1272	5.4815874	0.3667875	23
1273	2.9867423	-1.9801601	10
1274	6.144316	4.6273556	23
1275	11.143287	-11.568278	41
1276	6.228418	7.499905	33
1277	-1.8469723	11.670971	13
1278	7.9463506	2.4241579	33
1279	-5.251769	-8.718543	67
1280	11.296925	-12.007586	41
1281	-0.65762985	12.324592	13
1282	0.19076891	1.0842258	32
1283	11.581497	3.2243798	6
1284	15.822269	1.5554125	0
1285	10.730648	6.350193	6
1286	5.527301	2.9244	29
1287	2.265794	1.4405302	12
1288	7.9465213	8.658508	17
1289	8.116602	4.0440917	22
1290	-3.3129923	9.204304	2
1291	5.385832	8.652688	17
1292	11.849268	10.962227	28
1293	10.677094	-1.4854107	6
1294	10.847313	0.5084063	6
1295	-1.4747496	-0.4219969	23
1296	0.563142	3.862893	14
1297	5.926216	8.604325	17
1298	11.164519	6.6648574	6
1299	12.04919	-5.5859346	64
1300	11.780134	11.588754	28
1301	10.482281	-1.0402144	6
1302	5.40771	3.270249	23
1303	11.032217	-11.868703	41
1304	8.649596	4.8841195	6
1305	1.8302028	0.55274576	62
1306	8.573579	3.7733755	22
1307	14.200623	0.82822347	0
1308	0.045864232	-1.0336082	32
1309	7.7421956	0.95237124	3
1310	8.225755	-1.3785896	6
1311	12.095481	3.1707716	6
1312	-0.667749	12.745551	13
1313	11.068995	7.2759686	6
1314	5.0938783	-3.6132061	7
1315	4.080807	7.5237823	56
1316	5.7857575	9.503331	17
1317	10.401156	0.09060562	30
1318	1.2852379	1.5119264	10
1319	-3.046061	10.841608	54
1320	3.4199216	2.4231663	32
1321	15.634262	-1.2949053	60
1322	6.2816815	12.149919	5
1323	2.379745	0.581728	23
1324	9.158217	2.4520779	3
1325	-7.740117	-0.93005776	42
1326	13.243725	7.99372	8
1327	1.6194577	-3.146506	62
1328	10.686375	6.873389	6
1329	16.018291	-1.3230152	60
1330	7.4183106	7.2118564	33
1331	7.8621616	6.994119	33
1332	11.766603	11.124202	28
1333	5.402263	2.0965033	29
1334	6.0642724	4.2429194	29
1335	2.9197674	6.5782304	14
1336	-1.9465796	3.712678	33
1337	10.84046	0.18291254	10
1338	-1.7341572	-9.824717	69
1339	6.703537	-1.6941037	29
1340	0.8453914	6.984719	14
1341	-0.7111457	12.336086	13
1342	9.18558	5.928125	24
1343	-0.7321148	0.40543568	10
1344	8.787925	8.388474	33
1345	-0.86676157	3.9382622	14
1346	1.801994	7.676989	14
1347	-0.8482632	2.8573604	33
1348	16.76379	8.532845	29
1349	2.3416946	-1.8776963	62
1350	5.1966276	-3.8827999	7
1351	10.74461	-11.799214	41
1352	9.236666	7.2655964	23
1353	14.225532	6.771043	13
1354	9.783725	7.7294846	33
1355	10.6301155	3.934416	3
1356	16.231485	-1.1411047	60
1357	8.127918	6.9685926	33
1358	13.011961	8.058328	8
1359	16.305237	-1.4341846	60
1360	10.178242	-4.434233	64
1361	3.0653267	1.1252005	29
1362	4.5799265	-3.2583392	7
1363	5.121634	3.3349833	23
1364	-1.2173069	2.7045412	33
1365	11.252427	-2.109941	6
1366	5.0483837	4.712261	29
1367	3.8915741	-1.8065001	10
1368	11.17118	4.004493	3
1369	13.535564	1.117269	0
1370	1.3156607	12.385341	13
1371	5.1751165	-7.3490415	7
1372	-0.034440912	0.6929452	10
1373	3.5263565	-0.43803635	29
1374	-10.007885	17.036278	44
1375	11.285492	6.565145	6
1376	-1.3540556	0.24985574	10
1377	7.669421	3.172423	22
1378	4.384922	11.155691	5
1379	-0.54913217	2.2883854	23
1380	-0.029933127	4.3855987	14
1381	2.433838	0.9569857	23
1382	4.2301607	0.1551243	29
1383	15.66099	0.77212673	0
1384	-1.5145569	-0.48654568	10
1385	-0.36644962	0.5508618	23
1386	-6.819149	-2.8768024	16
1387	4.311759	8.810123	17
1388	-7.5302763	-0.39901212	42
1389	12.284914	1.4217771	6
1390	9.200718	8.227534	33
1391	-2.5550911	11.123752	54
1392	6.6448236	4.0044546	23
1393	2.947056	1.3696926	23
1394	5.7786813	7.992261	17
1395	2.611712	5.12549	29
1396	7.5891623	3.731622	22
1397	5.3114686	9.800568	17
1398	16.85711	8.599342	29
1399	-1.2421987	-1.489341	32
1400	4.98035	-1.653914	62
1401	11.287932	-11.347084	41
1402	3.1088805	-5.6024733	27
1403	4.936737	5.1367493	56
1404	2.753565	5.6398945	14
1405	5.1629486	5.581073	0
1406	-10.319648	-7.3925166	59
1407	-1.1144725	12.496623	13
1408	-9.192348	1.3407177	21
1409	2.0171149	-2.043198	23
1410	-9.252136	1.6074287	21
1411	4.4339147	0.21315986	29
1412	2.1049085	2.186421	14
1413	3.718512	-6.683293	7
1414	11.732951	-0.2797549	6
1415	1.7557198	2.7402105	14
1416	-1.7168007	-9.966249	69
1417	15.151193	0.88087815	0
1418	4.275759	6.845542	56
1419	0.32296643	2.1612988	23
1420	-1.465452	1.1517701	23
1421	-1.106715	1.8829101	23
1422	-1.6098534	6.3822927	14
1423	9.457645	-2.774112	6
1424	-0.99438304	6.8707294	14
1425	2.1597257	0.3678608	23
1426	0.48199546	7.05682	14
1427	0.34951687	7.1403832	14
1428	9.521088	-7.3314743	18
1429	11.609592	3.2671762	6
1430	1.8087803	-2.3662493	62
1431	-1.2584562	5.2511983	14
1432	5.1366153	5.647154	0
1433	6.8422303	6.202503	26
1434	-1.7993298	3.1995625	33
1435	5.82287	3.2855577	29
1436	7.183386	8.47808	33
1437	-0.95065856	6.1730576	14
1438	1.3578385	4.239646	14
1439	5.5413356	-2.4098454	62
1440	1.8658328	0.70824844	23
1441	9.561137	-3.1221437	23
1442	-1.7150089	-10.281275	69
1443	11.619512	-8.203424	6
1444	-0.44959292	6.102743	14
1445	6.287104	10.119552	17
1446	0.8887236	-4.823312	27
1447	-1.8835217	2.6672857	23
1448	2.5514438	2.2759273	29
1449	0.10732603	1.3332881	10
1450	-3.1476698	8.693357	2
1451	-0.78594893	-1.2066967	32
1452	9.123062	7.7629166	33
1453	7.7241406	2.1562195	3
1454	-1.6336014	-3.4042456	70
1455	5.9866834	9.47873	17
1456	9.872263	-7.5360756	18
1457	9.126371	6.3309474	24
1458	9.233588	6.3717923	24
1459	3.4609795	1.446309	29
1460	11.719593	-2.6045988	6
1461	0.9138913	2.7117054	29
1462	4.3953433	-0.66602796	29
1463	7.9815545	14.456126	22
1464	4.1785808	-5.391568	7
1465	5.187691	-2.2105794	62
1466	11.1886635	-11.714107	41
1467	9.891459	-2.9519458	6
1468	4.597708	2.6617315	29
1469	6.6986957	7.1139274	33
1470	2.4207046	1.4021717	29
1471	14.083764	0.12785274	74
1472	-1.8779327	7.9454885	14
1473	15.191284	1.4135094	0
1474	9.103101	6.3937197	24
1475	15.847005	0.9211499	0
1476	11.189372	-11.531129	41
1477	14.631237	0.9589815	0
1478	9.423135	5.6285443	24
1479	1.8061471	3.6881614	14
1480	11.033571	-11.400467	41
1481	5.151425	-5.6854243	7
1482	-7.8112392	-0.6179569	42
1483	8.489458	2.357981	24
1484	10.459677	-1.6256733	52
1485	11.480807	2.8348312	3
1486	1.9942861	1.9226308	29
1487	5.353742	8.231428	17
1488	2.703429	1.9005073	29
1489	13.929332	2.2831087	24
1490	3.4499886	5.464974	14
1491	11.290292	1.6365815	6
1492	6.5461793	2.1784725	29
1493	-1.2630261	0.060543433	10
1494	8.061408	-8.854259	18
1495	2.462952	-5.714564	27
1496	2.153293	-1.0829816	62
1497	15.246465	1.0068054	0
1498	10.018694	8.023193	33
1499	8.041449	5.506733	26
1500	3.7945266	5.8849697	29
1501	7.338948	3.5710633	23
1502	4.0171785	1.0545851	29
1503	16.498343	-1.4130375	60
1504	-2.8377264	2.7943904	23
1505	16.529144	-0.31027067	0
1506	3.08067	-3.1649654	62
1507	0.43530372	1.5131124	10
1508	4.494344	6.929301	29
1509	-1.5572162	-1.0665307	23
1510	-0.3975298	3.1894598	14
1511	16.121534	-1.2283618	60
1512	6.037263	20.18209	16
1513	2.1811135	-2.6675577	62
1514	-5.3821006	12.351471	34
1515	4.7281003	1.955378	29
1516	15.942951	0.14197367	0
1517	9.599113	0.27477425	6
1518	11.734327	-8.571104	6
1519	0.19248171	3.111897	14
1520	-6.986323	-3.1034098	0
1521	-0.14255415	5.699816	14
1522	5.2480283	-0.8640432	24
1523	-8.165204	-10.571832	11
1524	0.9348345	12.631704	13
1525	-3.4126966	-0.7129035	4
1526	13.054249	6.9197226	8
1527	11.292053	0.03930162	58
1528	6.5027857	10.057541	17
1529	-0.577136	-2.313732	32
1530	10.853977	-11.738533	41
1531	6.3748665	7.6490154	33
1532	-0.3287112	4.6971107	14
1533	2.6720946	0.89526886	23
1534	-1.8248055	8.002001	14
1535	5.3673773	-0.9373708	23
1536	7.867638	-2.9223087	6
1537	3.152685	0.6605642	23
1538	10.135764	6.461093	23
1539	3.7512023	-3.288424	62
1540	10.378876	-1.0164344	6
1541	-3.9352214	-4.008622	60
1542	3.67936	-1.3862572	29
1543	4.175082	-0.789296	52
1544	7.5875707	-3.3304403	7
1545	13.006873	8.302432	8
1546	-14.244301	3.587334	27
1547	3.5713558	0.2754435	29
1548	4.848424	-2.6213062	62
1549	13.031375	5.5992947	8
1550	-7.009318	13.773255	11
1551	5.292999	6.7340913	23
1552	11.736102	-6.1259317	64
1553	-8.871306	1.1211808	21
1554	11.442286	2.68917	22
1555	8.712632	0.8084164	2
1556	13.430159	3.3896945	0
1557	11.265944	5.4291387	44
1558	-4.7752843	-17.181057	47
1559	4.809688	5.4877996	56
1560	-9.844519	16.871073	44
1561	11.590242	5.5401177	44
1562	-9.027471	1.2579329	21
1563	-1.999998	-4.614652	71
1564	2.2127023	13.8445425	6
1565	6.757898	-3.7674823	40
1566	9.018576	-1.7240208	6
1567	16.164404	-0.48139295	0
1568	11.628564	-0.15296118	6
1569	-10.148759	17.169384	44
1570	9.155901	4.8813124	22
1571	14.776578	3.10769	6
1572	4.578064	6.2426763	56
1573	-6.3827724	13.663747	11
1574	10.918041	5.4049397	0
1575	12.94125	-3.0233932	35
1576	-7.3292785	8.042182	46
1577	-6.8771386	3.6680868	21
1578	-6.7115636	13.801285	11
1579	10.578089	5.1076407	29
1580	11.287569	2.0959544	6
1581	11.66147	-9.119503	41
1582	9.368984	-4.0559587	6
1583	-4.501409	-16.775799	47
1584	-4.906119	-16.882397	47
1585	-4.229187	13.859564	25
1586	-7.0318956	-0.08004455	42
1587	-3.8431926	14.005727	36
1588	8.855974	2.0066953	24
1589	12.485377	4.3612294	0
1590	10.176459	1.9035572	6
1591	-0.021527965	12.340073	13
1592	2.73093	14.134205	6
1593	-6.0007143	13.345426	11
1594	-9.85791	16.873154	44
1595	7.5690217	4.324888	6
1596	10.748849	1.9565942	6
1597	-8.002266	-10.703698	11
1598	2.2655683	14.460854	6
1599	8.865589	2.1599798	24
1600	-6.7994876	3.6541882	21
1601	-4.612791	-17.192516	47
1602	11.747979	4.9671082	0
1603	14.930987	4.8501945	15
1604	-4.717361	-16.704178	47
1605	11.353354	5.2294626	44
1606	10.763301	-2.4955773	6
1607	8.4144745	1.1150016	3
1608	11.017998	-3.2994504	6
1609	15.252448	5.03435	15
1610	5.5373287	-1.3300145	62
1611	-1.0019875	4.960977	14
1612	0.5026299	-0.70724916	32
1613	3.2357414	4.734088	14
1614	1.9325336	3.2452884	14
1615	1.7307001	-0.74742585	62
1616	2.0112119	8.318896	14
1617	5.095872	7.328286	43
1618	1.4652402	-0.13388716	62
1619	1.3866504	0.6229033	62
1620	5.4553475	1.1781627	6
1621	4.1580095	5.079468	14
1622	0.71142447	4.6022553	14
1623	-1.5087931	2.6757743	33
1624	0.35062084	1.3147644	33
1625	0.45459148	3.156412	33
1626	0.83279574	5.0918026	14
1627	0.3219942	2.501196	14
1628	0.5772355	4.4760118	14
1629	-1.5002897	7.018149	14
1630	1.6409439	-4.3506126	62
1631	3.997906	4.9471984	14
1632	13.380622	4.8512454	15
1633	12.1576805	-5.4228225	64
1634	2.4074433	-0.47251546	62
1635	1.2924734	4.7700706	14
1636	-0.4285872	6.7508664	14
1637	1.0803913	4.6685867	14
1638	10.704936	15.9638405	63
1639	4.9562416	5.137043	6
1640	1.4055414	4.3572884	14
1641	7.1384807	3.6593275	23
1642	6.0239143	5.333878	6
1643	1.8793511	6.8763127	14
1644	3.5924509	-3.6951652	62
1645	-2.18903	8.259301	14
1646	2.37497	-2.205453	62
1647	2.1366596	-1.2107191	62
1648	0.07143619	3.8673613	14
1649	8.999074	2.2289765	24
1650	1.1242888	3.0062432	14
1651	-0.65767235	6.593229	14
1652	3.8849504	3.1646104	32
1653	-0.0025381562	6.511116	20
1654	-0.35740203	2.7329268	33
1655	-0.34342843	9.914166	20
1656	0.36602917	9.357462	20
1657	-0.64659077	4.154919	14
1658	0.2038351	-0.4673336	32
1659	-1.3078455	7.3700924	14
1660	1.8289965	9.959536	20
1661	0.95714843	9.885616	20
1662	4.814386	-4.2587423	7
1663	10.201996	-1.3501185	6
1664	-0.56782466	9.254941	20
1665	2.17912	-0.9149291	62
1666	1.4845924	3.174615	14
1667	-0.10829292	9.761201	20
1668	1.9382861	4.545997	14
1669	9.162232	3.9063077	24
1670	-0.96241164	9.008562	20
1671	-0.09602509	5.937804	20
1672	0.5731853	8.660567	20
1673	-1.1445979	5.613126	14
1674	6.4162846	6.4141564	33
1675	0.30239537	9.806515	20
1676	1.5794228	3.436815	14
1677	1.3952527	1.3453252	62
1678	0.15118353	10.072848	20
1679	4.7402196	14.141947	9
1680	2.1491506	0.69156265	12
1681	2.884655	10.012268	5
1682	3.6970317	4.720654	6
1683	1.3424203	8.662516	20
1684	12.608721	2.627684	6
1685	-1.0212659	8.947141	20
